token_address,pool_address
0x2b591e99afE9f32eAA6214f7B7629768c40Eeb39,0x55D5c232D921B9eAA6b37b5845E439aCD04b4DBa
0xdAC17F958D2ee523a2206206994597C13D831ec7,0x0d4a11d5EEaaC28EC3F61d100daF4d40471f1852
0x1f9840a85d5aF5bf1D1762F925BDADdC4201F984,0xd3d2E2692501A5c9Ca623199D38826e513033a17
0x4Fabb145d64652a948d72533023f6E7A623C7C53,0xC2923b8a9683556A3640ccc2961B2F52B5C4459A
0x514910771AF9Ca656af840dff83E8264EcF986CA,0xa2107FA5B38d9bbd2C461D6EDf11B11A50F6b974
0x2260FAC5E5542a773Aa44fBCfeDf7C193bc2C599,0xBb2b8038a1640196FbE3e38816F3e67Cba72D940
0x6e1A19F235bE7ED8E3369eF73b196C07257494DE,0xE6Ca7720Dd7D464c8fF293aa243FEab48305eead
0xE1Be5D3f34e89dE342Ee97E6e90D405884dA6c67,0x7c8699ECb6d16010F91372f6F3103Fe5aac78810
0x4Ddc2D193948926D02f9B1fE9e1daa0718270ED5,0x7f438878071228319Bd321B170EE16fC92fd6D12
0x4E15361FD6b4BB609Fa63C81A2be19d873717870,0x1ffC57cAda109985aD896a69FbCEBD565dB4290e
0xae7ab96520DE3A18E5e111B5EaAb095312D7fE84,0x4028DAAC072e492d34a3Afdbef0ba7e35D8b55C4
0xA0b73E1Ff0B80914AB6fe0444E65848C4C34450b,0x90704Ac59E7E54632b0CC9d22573aeCD7eB094ad
0x75231F58b43240C9718Dd58B4967c5114342a86c,0x17782D58c715aa2A4458D5FB1C1d8e52a69a62Fc
0x4a220E6096B25EADb88358cb44068A3248254675,0x0C4a68Cf6857cc76FE946d04Fe85faC5faE9625E
0xc944E90C64B2c07662A292be6244BDf05Cda44a7,0x2e81eC0B8B4022fAC83A21B2F2B4B8f5ED744D70
0xa47c8bf37f92aBed4A126BDA807A7b7498661acD,0xc628da629c615909c961b1C69C3bCAc0c3FAd8a9
0x39AA39c021dfbaE8faC545936693aC917d5E7563,0x477fA5406598f8eb1945291867E1654C4d931659
0x2AF5D2aD76741191D15Dfe7bF6aC92d4Bd912Ca3,0x523a36AD73C402e456F49B04F0fe8eBA5A8C85CD
0x5d3a536E4D6DbD6114cc1Ead35777bAB948E3643,0x9896BD979f9DA57857322Cc15e154222C4658a5a
0xE83CCCfABD4eD148903Bf36d4283eE7C8b3494D1,0xAe30E27FbD0dCd2a4dfF66D5a021C6319D669100
0xaaAEBE6Fe48E54f431b0C390CfaF0b017d09D42d,0xa5E79baEe540f000ef6F23D067cd3AC22c7d9Fe6
0xfF20817765cB7f73d4bde2e66e067E58D11095C2,0x08650bb9dc722C9c8C62E79C2BAfA2d3fc5B3293
0x9f8F72aA9304c8B593d555F12eF6589cC3A579A2,0xC2aDdA861F89bBB333c90c492cB837741916A225
0x0316EB71485b0Ab14103307bf65a021042c6d380,0xA6F4EAE7FdaA20E632C45d4cd39E4f3961892322
0x6B3595068778DD592e39A122f4f5a5cF09C90fE2,0xCE84867c3c02B05dc570d0135103d3fB9CC19433
0xd26114cd6EE289AccF82350c8d8487fedB8A0C07,0x48E313460DD00100e22230e56E0A87B394066844
0xc00e94Cb662C3520282E6f5717214004A7f26888,0xCFfDdeD873554F362Ac02f8Fb1f02E5ada10516f
0xE452E6Ea2dDeB012e20dB73bf5d3863A3Ac8d77a,0x8D1cA95559ABEd542eF4402a252974221B5E1036
0x3506424F91fD33084466F402d5D97f05F8e3b4AF,0xff58711683Be66daD6e0e20E0043AF46FC7f5F49
0xC011a73ee8576Fb46F5E1c5751cA3B9Fe0af2a6F,0x43AE24960e5534731Fc831386c07755A2dc33D47
0x6c6EE5e31d828De241282B9606C8e98Ea48526E2,0xf5ef67632cd2256d939702a126FE2c047d0a07bf
0xF629cBd94d3791C9250152BD8dfBDF380E2a3B9c,0xE56c60B5f9f7B5FC70DE0eb79c6EE7d00eFa2625
0x41AB1b6fcbB2fA9DCEd81aCbdeC13Ea6315F2Bf2,0x6dD0C7850704a87f96Bc152dbeB41AD35CCDf56b
0x0000000000085d4780B73119b644AE5ecd22b376,0xb4d0d9df2738abE81b87b66c80851292492D1404
0x0bc529c00C6401aEF6D220BE8C6Ea1667F6Ad93e,0x2fDbAdf3C4D5A8666Bc06645B8358ab803996E28
0x6f259637dcD74C767781E37Bc6133cd6A68aa161,0x26cE49c08EE71afF0C43dB8F8B9bEa950b6cdC67
0x99D8a9C45b2ecA8864373A26D1459e3Dff1e17F3,0xf34CAdb94e038CDAcB4De4bb4263eEc83eE17F5B
0x0D8775F648430679A709E98d2b0Cb6250d2887EF,0xB6909B960DbbE7392D405429eB2b3649752b4838
0x476c5E26a75bd202a9683ffD34359C0CC15be0fF,0xCc3d1EceF1F9fD25599dbeA2755019DC09db3c54
0x16631e53C20Fd2670027C6D53EfE2642929b285C,0x5eD7d3B704D692938EE25fA2C7e75A1E10670b33
0x467Bccd9d29f223BcE8043b84E8C8B282827790F,0x291c69fdaebd3CBE953843DA243F8605A766a268
0xB62132e35a6c13ee1EE0f84dC5d40bad8d815206,0x2615b89AD032CcDa6D67e1D511F0E4c9e3a5dc13
0x8E870D67F660D95d5be530380D0eC0bd388289E1,0x598e7A017dAce2534Bc3F7496124C89425b1E165
0xEB4C2781e4ebA804CE9a9803C67d0893436bB27D,0x81FbEf4704776cc5bBa0A5dF3a90056d2C6900B3
0x1F573D6Fb3F13d689FF844B4cE37794d79a7FF1C,0x3fd4Cf9303c4BC9E13772618828712C8EaC7Dd2F
0xE41d2489571d322189246DaFA5ebDe1F4699F498,0xc6F348dd3B91a56D117ec0071C1e9b83C0996De4
0x4F9254C83EB525f9FCf346490bbb3ed28a81C667,0x75201d546585ed4190BB5c7F0Ae4F48dFe1b0c62
0xf650C3d88D12dB855b8bf7D11Be6C55A4e07dCC9,0x2d6f06e6f3bE6711D24f266De06F7872800f4a15
0x9992eC3cF6A55b00978cdDF2b27BC6882d88D1eC,0xc03C6f5d6C5Bf2959a4E74e10fD916b5B50BF102
0x3845badAde8e6dFF049820680d1F14bD3903a5d0,0x3dd49f67E9d5Bc4C5E6634b3F70BfD9dc1b6BD74
0x6fB3e0A217407EFFf7Ca062D46c26E5d60a14d69,0x3aACfbC97573ED2f57F3FeeDbacc99c52CDEEab6
0xba9d4199faB4f26eFE3551D490E3821486f135Ba,0x8D9B9e25b208CAC58415d915898c2ffa3A530aa1
0x04Fa0d235C4abf4BcF4787aF4CF447DE572eF828,0x88D97d199b9ED37C29D846d00D443De980832a22
0xB4EFd85c19999D84251304bDA99E90B92300Bd93,0x70EA56e46266f0137BAc6B75710e3546f47C855D
0x7DD9c5Cba05E151C895FDe1CF355C9A1D5DA6429,0xb5F790A03b7559312D9e738df5056A4b4c8459F4
0x3597bfD533a99c9aa083587B074434E61Eb0A258,0x9a632cD9cB44F9383BF6f3117056c2455b30a6E0
0x111111111117dC0aa78b770fA6A738034120C302,0x26aAd2da94C59524ac0D93F6D6Cbf9071d7086f2
0xaea46A60368A7bD060eec7DF8CBa43b7EF41Ad85,0x4042A04c54eF133aC2a3C93DB69d43C6C02a330b
0x956F47F50A910163D8BF957Cf5846D573E7f87CA,0x94B0A3d511b6EcDb17eBF877278Ab030acb0A878
0x39Bb259F66E1C59d5ABEF88375979b4D20D98022,0xc1f402B95196807c8f951CBe1c03C944571A1DC2
0xBBbbCA6A901c926F240b89EacB641d8Aec7AEafD,0x8878Df9E1A7c87dcBf6d3999D997f262C05D8C70
0x767FE9EDC9E0dF98E07454847909b5E959D7ca0E,0x8Fb8BF2B444e37379e46de8BB77C551bd008f0aD
0xe28b3B32B6c345A34Ff64674606124Dd5Aceca30,0x3C70f4FAeA49E50AdC8305F2E1Aa0EA326A54fFc
0xff56Cc6b1E6dEd347aA0B7676C85AB0B3D08B0FA,0xC98B3B8C7CC0D7D925d1a407347b845D9F001391
0x744d70FDBE2Ba4CF95131626614a1763DF805B9E,0x59E7Bee6374A3f6ecB33180ecE978fd4f2B7Cea2
0x853d955aCEf822Db058eb8505911ED77F175b99e,0xFD0A40Bc83C5faE4203DEc7e5929B446b07d1C76
0x967da4048cD07aB37855c090aAF366e4ce1b9F48,0x9b7DaD79FC16106b47a3DAb791F389C167e15Eb0
0xBA11D00c5f74255f56a5E366F4F77f5A186d7f55,0xf421c3f2e695C2D4C0765379cCace8adE4a480D9
0x69af81e73A73B40adF4f3d4223Cd9b1ECE623074,0x4D5f135691F13F7F5949AB3343ac7DC6bD7dF80B
0x5B7533812759B45C2B44C19e320ba2cD2681b542,0xe45b4a84E0aD24B8617a489d743c52B84B7aCeBE
0x8400D94A5cb0fa0D041a3788e395285d61c9ee5e,0xB27dE0bA2abFbFdf15667a939f041b52118aF5Ba
0xbE9375C6a420D2eEB258962efB95551A5b722803,0x233BBf76a7D8da6275c70Ea372f19De84dBCc167
0x43Dfc4159D86F3A37A5A4B3D4580b888ad7d4DDd,0x68Fa181c720C07B7FF7412220E2431ce90A65A14
0x8207c1FfC5B6804F6024322CcF34F29c3541Ae26,0xce2Cc0513634CEf3a7C9C257E294EF5E3092f185
0x45804880De22913dAFE09f4980848ECE6EcbAf78,0x9C4Fe5FFD9A9fC5678cFBd93Aa2D4FD684b67C4C
0xbf2179859fc6D5BEE9Bf9158632Dc51678a4100e,0xA6be7F7C6c454B364cDA446ea39Be9e5E4369DE8
0xfc82bb4ba86045Af6F327323a46E80412b91b27d,0x544bD38C20A08DB40DeB6CF51Be37B28d300af85
0xD291E7a03283640FDc51b121aC401383A46cC623,0xDc2b82Bc1106C9c5286e59344896fB0ceb932f53
0xEA26c4aC16D4a5A106820BC8AEE85fd0b7b2b664,0xb05D13c6F01c500E2A23c6c18AA4fD5B82aB150d
0xc7283b66Eb1EB5FB86327f08e1B5816b0720212B,0x7ce01885a13c652241aE02Ea7369Ee8D466802EB
0x221657776846890989a759BA2973e427DfF5C9bB,0x8979A3Ef9D540480342AC0F56e9D4c88807b1CBa
0x55296f69f40Ea6d20E478533C15A6B08B654E758,0xa986F2A12d85c44429f574BA50C0e21052B18BA1
0x0c7D5ae016f806603CB1782bEa29AC69471CAb9c,0x01688e1a356c38A8ED7C565BF6c6bfd59543a560
0x178c820f862B14f316509ec36b13123DA19A6054,0xdc7d8cC3a22FE0eC69770E02931f43451b7B975e
0xdF574c24545E5FfEcb9a659c229253D4111d87e1,0x8749068c5b45Fdaa369319E5DAa1e5f332419c6D
0x607F4C5BB672230e8672085532f7e901544a7375,0x6d57a53A45343187905aaD6AD8eD532D105697c1
0x5Cf04716BA20127F1E2297AdDCf4B5035000c9eb,0x1740Aa56eb4e333BacD317dacD0cF28043d8e8A1
0x1776e1F26f98b1A5dF9cD347953a26dd3Cb46671,0xB784CED6994c928170B417BBd052A096c6fB17E2
0x580c8520dEDA0a441522AEAe0f9F7A5f29629aFa,0x234ef45737cE6cfa4fCc55d961435C4d59fd9FDB
0xba100000625a3754423978a60c9317c58a424e3D,0xA70d458A4d9Bc0e6571565faee18a48dA5c0D593
0xcca0c9c383076649604eE31b20248BC04FdF61cA,0xa3bC32ccC6EDAcC429a577572b51A118c3a4c562
0x85Eee30c52B0b379b046Fb0F85F4f3Dc3009aFEC,0xE6f19dAb7d43317344282F803f8E8d240708174a
0xF433089366899D83a9f26A773D59ec7eCF30355e,0x32937E3e2Cd5836B874471638052b9aB953DfEEC
0x5A98FcBEA516Cf06857215779Fd812CA3beF1B32,0x454F11D58E27858926d7a4ECE8bfEA2c33E97B13
0x419D0d8BdD9aF5e606Ae2232ed285Aff190E711b,0x05B0c1D8839eF3a989B33B6b63D3aA96cB7Ec142
0xDe7D85157d9714EADf595045CC12Ca4A5f3E2aDb,0x604DB14F07A11032eE1856cc219AE6AA58575344
0x4C19596f5aAfF459fA38B0f7eD92F11AE6543784,0xeC6a6b7dB761A5c9910bA8fcaB98116d384b1B85
0x8A2279d4A90B6fe1C4B30fa660cC9f926797bAA2,0xd366Ed22F5b2262A2Da4C32D8A4607C93690134a
0x056Fd409E1d7A124BD7017459dFEa2F387b6d5Cd,0x61247D8aCa1C485A50728E1336d9b26c8339e701
0xf16e81dce15B08F326220742020379B855B87DF9,0x0EfEA698136d636e2babAD10821e9064fE08f418
0xB64ef51C888972c908CFacf59B47C1AfBC0Ab8aC,0xAEF16913b6C50EBCf627a394921F306985FC8604
0x4575f41308EC1483f3d399aa9a2826d74Da13Deb,0x9B533F1cEaa5ceb7e5b8994ef16499E47A66312D
0xCC8Fa225D80b9c7D42F96e9570156c65D6cAAa25,0x3dDBbFd2CF0120F6E98Ea0D44AeD3475C385F0E9
0xec67005c4E498Ec7f55E092bd1d35cbC47C91892,0x15ab0333985FD1E289adF4fBBe19261454776642
0x3432B6A60D23Ca0dFCa7761B7ab56459D9C964D0,0xecBa967D84fCF0405F6b32Bc45F4d36BfDBB2E81
0xEC213F83defB583af3A000B1c0ada660b1902A0F,0xf248959D7AA50Cd47b448F507063eaa6CC5404c4
0xCdCFc0f66c522Fd086A1b725ea3c0Eeb9F9e8814,0x56367E6cF21d79eb73Bee565C7c14317F67992BA
0xa117000000f279D81A1D3cc75430fAA017FA5A2e,0x9dEF9511fEc79f83AFCBFfe4776B1D817DC775aE
0xaA7a9CA87d3694B5755f213B5D04094b8d0F0A6F,0x1A58Aa618DF8F1eC282748feF6185C1a1cC2FAa6
0x595832F8FC6BF59c85C527fEC3740A1b7a361269,0x3C442baB170F19Dd40D0b1a405C9d93b088B9332
0xE95A203B1a91a908F9B9CE46459d101078c2c3cb,0x6147805e1011417B93e5D693424a62A70d09d0E5
0x08d967bb0134F2d07f7cfb6E246680c53927DD30,0x3006c0D2A6e54d3590a44384c6F066c9cF9a4ceA
0x57Ab1ec28D129707052df4dF418D58a2D46d5f51,0xf80758aB42C3B07dA84053Fd88804bCB6BAA4b5c
0x7B0C06043468469967DBA22d1AF33d77d44056c8,0xB89Ed43f45D1f870bE815c7b53368a1cC5184474
0xdd974D5C2e2928deA5F71b9825b8b646686BD200,0xf49C43Ae0fAf37217bDcB00DF478cF793eDd6687
0x80fB784B7eD66730e8b1DBd9820aFD29931aab03,0xaB3F9bF1D81ddb224a2014e98B238638824bCf20
0x26E75307Fc0C021472fEb8F727839531F112f317,0xb983499B7D2f2569A7399048bBd72CA65e4E44E2
0x6c28AeF8977c9B773996d0e8376d2EE379446F2f,0xdC3E94ddF605864b79fCE18C7Cf974E579001E7b
0x818Fc6C2Ec5986bc6E2CBf00939d90556aB12ce5,0x746948ce62c04868a55c69c59dd5A6298e94dfF5
0x8f8221aFbB33998d8584A2B05749bA73c37a938a,0x4a7d4BE868e0b811ea804fAF0D3A325c3A29a9ad
0x5228a22e72ccC52d415EcFd199F99D0665E7733b,0x8d50d0Fd88016Ea63229e432803DB4069c40DB09
0xB63B606Ac810a52cCa15e44bB630fd42D8d1d83d,0x3BcCa6cD264709Ffc7761C9339F2f2605Fd4F24d
0xB3319f5D18Bc0D84dD1b4825Dcde5d5f7266d407,0xa249e650737Af19a294eF4B5ACe26394b8287A24
0x389999216860AB8E0175387A0c90E5c52522C945,0x854373387E41371Ac6E307A1F29603c6Fa10D872
0xDF2C7238198Ad8B389666574f2d8bc411A4b7428,0x2084C8115D97a12114A70A27198C3591B6df7D3E
0x115eC79F1de567eC68B7AE7eDA501b406626478e,0xF55db1eE16Fa5be86335688D2a1a6F4d439Ca4Bb
0xb17C88bDA07D28B3838E0c1dE6a30eAfBCF52D85,0x8627C8cB59F01435c2dEd1E0E941f064Ccb0F5b8
0x77FbA179C79De5B7653F68b5039Af940AdA60ce0,0xf6048f2a7e1C44012265fAB271C8eb89bB74bd4E
0xDe30da39c46104798bB5aA3fe8B9e0e1F348163F,0xa3509A16BbfC5992eb01Cc861B615cCd8e937da8
0x0391D2021f89DC339F60Fff84546EA23E337750f,0xB17B1342579e4bcE6B6e9A426092EA57d33843D9
0x5Ca381bBfb58f0092df149bD3D243b08B9a8386e,0xD9F91070371987Eee3e500E90de5333E0c43d031
0x5e3346444010135322268a4630d2ED5F8D09446c,0xEB38323F2e78385672AA10a6cdE896d17710dC1c
0xb59490aB09A0f526Cc7305822aC65f2Ab12f9723,0x2a785850bf6455e00359fBae0dA83E9A3a3aD44A
0xd0929d411954c47438dc1d871dd6081F5C5e149c,0x1A8BE918a10DeF715Ac249d4f8E1DA992FB99328
0xdB25f211AB05b1c97D595516F45794528a807ad8,0x7CC34EA5D7103D01b76e0DCCF1ddaD9F376801E9
0x88dF592F8eb5D7Bd38bFeF7dEb0fBc02cf3778a0,0x0928592F80D63d474257A7b797120e301BA2d987
0x584bC13c7D411c00c01A62e8019472dE68768430,0x1273aD5D8f3596A7a39EfDb5a4b8f82E8F003fc3
0x0d438F3b5175Bebc262bF23753C1E53d03432bDE,0x23bFf8ca20AAc06EFDf23cEe3B8ae296A30Dfd27
0x91Af0fBB28ABA7E31403Cb457106Ce79397FD4E6,0x505a152C24B03A666E903aA6159e5F9433094893
0x56d811088235F11C8920698a204A5010a788f4b3,0xB9b752F7f4a4680eEb327ffe728f46666763A796
0xcB97e65F07DA24D46BcDD078EBebd7C6E6E3d750,0xE1438229f68291d3861aEf748848C7A44BEf2A45
0x3593D125a4f7849a1B059E64F4517A86Dd60c95d,0xe46935aE80E05cdEbD4a4008B6ccaA36d2845370
0x037A54AaB062628C9Bbae1FDB1583c195585fe41,0xFCB910d871d7e94F5A566B7b32Fb2B19583c09D7
0x84cA8bc7997272c7CfB4D0Cd3D55cd942B3c9419,0x4Dc02e1bB2EC1CE4C50C351e6e06505E7B1dCe8d
0xEE06A81a695750E71a662B51066F2c74CF4478a0,0x44c21F5DCB285D92320AE345C92e8B6204Be8CdF
0x6C8c6b02E7b2BE14d4fA6022Dfd6d75921D90E4E,0x4F2659FdD3ddf4d3D017fb4651036E88D1F2FA11
0xFca59Cd816aB1eaD66534D82bc21E7515cE441CF,0x86fEf14C27C78dEAEb4349FD959CAA11fc5B5D75
0x2F109021aFe75B949429fe30523Ee7C0D5B27207,0x14b6154BCbf537368aF932901456a7fEb57cbE5a
0x0Ae055097C6d159879521C384F1D2123D1f195e6,0x3B3d4EeFDc603b232907a7f3d0Ed1Eea5C62b5f7
0xD7EFB00d12C2c13131FD319336Fdf952525dA2af,0x89635F792F4cfE2499Eb1BBdBa99e5D162e427Fa
0x57B946008913B82E4dF85f501cbAeD910e58D26C,0x87b01a1935cdD35588a2afF22ecba1a9cE7Cebd2
0x70e8dE73cE538DA2bEEd35d14187F6959a8ecA96,0x80fD21Ff4A1FF7727fb81E098C5062bA47Fe67Af
0x93ED3FBe21207Ec2E8f2d3c3de6e058Cb73Bc04d,0x343FD171caf4F0287aE6b87D75A8964Dc44516Ab
0xCF3C8Be2e2C42331Da80EF210e9B1b307C03d36A,0x51C1d5Cdf10DDa49219054920c22c8d4a23EEd89
0x362bc847A3a9637d3af6624EeC853618a43ed7D2,0x64CaC8fa24F437cECA90e20A7a24a609f162b0D1
0x431ad2ff6a9C365805eBaD47Ee021148d6f7DBe0,0x232818620877fd9232e9ADe0c91EF5518EB11788
0x5218E472cFCFE0b64A064F055B43b4cdC9EfD3A6,0x7BA9b94127D434182287de708643932EC036d365
0x419c4dB4B9e25d6Db2AD9691ccb832C8D9fDA05E,0x4f9FcdAE3950A033074b93e269B6C382109Fae71
0xE5Dada80Aa6477e85d09747f2842f7993D0Df71C,0xc5b249D6d4f43d58c1Af113712230BD194AF1FC1
0x89d24A6b4CcB1B6fAA2625fE562bDD9a23260359,0xa27C56b3969CfB8FBCE427337D98e3bd794Ec688
0x0000000000095413afC295d19EDeb1Ad7B71c952,0x7924a818013f39cf800F5589fF1f1f0DEF54F31F
0xa3d58c4E56fedCae3a7c43A725aeE9A71F0ece4e,0x350DB0440f1FF18e900DcC8c01180AA00e72CC91
0x0202Be363B8a4820f3F4DE7FaF5224fF05943AB1,0x99dFDE431b40321a35dEb6AEb55cf338dDD6eccd
0x226bb599a12C826476e3A771454697EA52E9E220,0x0F18d9cdDc22c09537b477A9f5269a4832048df6
0xb683D83a532e2Cb7DFa5275eED3698436371cc9f,0xE8aaB3e172424d1976d5b671622FE465d805eB1f
0xb6EE9668771a79be7967ee29a63D4184F8097143,0x0F641eFbEfF4bE14762A276D4d3744cE40526653
0xa2791BdF2D5055Cda4d46EC17f9F429568275047,0xCD72a3e3Fe58B792Ce2C7a7F488aCf1Bc8100136
0x618E75Ac90b12c6049Ba3b27f5d5F8651b0037F6,0x394481b3D4eC4fA6D22579148a2f609Ae8256FdE
0x8f3470A7388c05eE4e7AF3d01D8C722b0FF52374,0xF21638eE30e1Ee8cCFf28c08583F0B5CA208DAB1
0x1614F18Fc94f47967A3Fbe5FfcD46d4e7Da3D787,0x73A86455888902108bC88F5831919e23098b9B04
0x9B02dD390a603Add5c07f9fd9175b7DABE8D63B7,0xE3Ee3d5f7e9c750490D99Ab166EDc1886de0a85E
0xDFe66B14D37C77F4E9b180cEb433d1b164f0281D,0x448A0a42f55142971bb3ea45E64528D3e4114f9e
0x8a854288a5976036A725879164Ca3e91d30c6A1B,0x2680a95FC9De215F1034F073185CC1F2a28B4107
0xfB7B4564402E5500dB5bB6d63Ae671302777C75a,0xA29fE6ef9592b5d408cca961D0fb9b1fAF497D6D
0x986EE2B944c42D017F52Af21c4c69B84DBeA35d8,0x208967332Dc89DCB893dCf220d5EC19F560727eC
0xb753428af26E81097e7fD17f40c88aaA3E04902c,0xC76225124F3CaAb07f609b1D147a31de43926cd6
0x27054b13b1B798B345b591a4d22e6562d47eA75a,0xcA9c4cC09e901F4d2AA072ed1AA95DCbE3A7A8E5
0x99ea4dB9EE77ACD40B119BD1dC4E33e1C070b80d,0x0a05e2E9d6333387d4F634b08FfF5210292f5561
0x8B39B70E39Aa811b69365398e0aACe9bee238AEb,0xfe903A12359496B932e24C5e9B78f1B9060a6342
0x255Aa6DF07540Cb5d3d297f0D0D4D84cb52bc8e6,0x4C95840bB3cE1d717138b3376473f2c021d7BC64
0x1b40183EFB4Dd766f11bDa7A7c3AD8982e998421,0x6D7B6DaD6abeD1DFA5eBa37a6667bA9DCFD49077
0x9B99CcA871Be05119B2012fd4474731dd653FEBe,0xec7a1a2896D4B9d7014FA7be2aA936C8A76A8072
0xF4d861575ecC9493420A3f5a14F85B13f0b50EB3,0xDEc87f2f3e7A936B08eBd7B2371AB12CC8B68340
0x0cEC1A9154Ff802e7934Fc916Ed7Ca50bDE6844e,0x85Cb0baB616Fe88a89A35080516a8928F38B518b
0x3aFfCCa64c2A6f4e3B6Bd9c64CD2C969EFd1ECBe,0xd0FBB87e47dA9987D345dbDF3A34d4266cf5ebe9
0x89Ab32156e46F46D02ade3FEcbe5Fc4243B9AAeD,0x77bbC2B409C2c75E4999e8E3eb8309EFff37cf2D
0x746DdA2ea243400D5a63e0700F190aB79f06489e,0x5725Fb1C05fa5B0deD1FfA605509275D92f98d3e
0x1796ae0b0fa4862485106a0de9b654eFE301D0b2,0xbf4fF08b9A3bBb77A362b609119100545C0445FE
0x626E8036dEB333b408Be468F951bdB42433cBF18,0xf956cdc8F43637F34F4BE368fA1Cb7DA01D622Be
0x340D2bdE5Eb28c1eed91B2f790723E3B160613B7,0x0e8CC25eAC180D68ff214bb9D4b2A043af764A28
0x954b890704693af242613edEf1B603825afcD708,0x6Cd7301D8366382198e2Ab7D3cc4c6A74f3b4FC8
0xee573a945B01B788B9287CE062A0CFC15bE9fd86,0x481EFdD010433DeD1A931B557e4Fe63b7b897964
0xAAA7A10a8ee237ea61E8AC46C50A8Db8bCC1baaa,0x5F6Af850b5aEc2962397D24E8CD820e511C2F1Ee
0x15B543e986b8c34074DFc9901136d9355a537e7E,0x9485b6AD92273DD7af618fD070F39bed7C03e929
0xd4c435F5B09F855C3317c8524Cb1F586E42795fa,0x071d2630314f770fC6DcA0D517Ca69A2cd0F724B
0x1955d744F9435522Be508D1Ba60E3c12D0690B6A,0x4361966d6b6137544878698EbA84B73BD1832f5F
0xF5581dFeFD8Fb0e4aeC526bE659CFaB1f8c781dA,0x375876D8922bd7EDAA249648124C4a34BC528d99
0xE1c7E30C42C24582888C758984f6e382096786bd,0x178f1A72172A99F7F44E125dE6413eA808713E7C
0xE5B826Ca2Ca02F09c1725e9bd98d9a8874C30532,0x7d850B7Dd7EB091eC313F730ee81E165A80E863f
0xe2f2a5C287993345a840Db3B0845fbC70f5935a5,0xFa28Af6be3649E90ED76b8269Db65B236f716Fbe
0xc3761EB917CD790B30dAD99f6Cc5b4Ff93C4F9eA,0xb4A0a46D3042A739Ec76Fd67A3F1b99cC12aC1D9
0x814e0908b12A99FeCf5BC101bB5d0b8B5cDf7d26,0xD037b5856c563907DF737931Ae7c484DA02f6c13
0xd4fa1460F537bb9085d22C7bcCB5DD450Ef28e3a,0xb675215090ba998D5e9874c649e5AFa093058C00
0x9469D013805bFfB7D3DEBe5E7839237e535ec483,0xa32523371390b0Cc4e11F6Bb236ecf4C2cDEA101
0x761D38e5ddf6ccf6Cf7c55759d5210750B5D60F3,0x7B73644935b8e68019aC6356c40661E1bc315860
0x72dD4b6bd852A3AA172Be4d6C5a6dbEc588cf131,0x31f8978879C824eA73ae972e46046f90aEcc38A9
0xE884cc2795b9c45bEeac0607DA9539Fd571cCF85,0x86302815ECfc7fB046f58fF6d607db839836B8B3
0x16ECCfDbb4eE1A85A33f3A9B21175Cd7Ae753dB4,0x92CC4300B9FD36242900BcA782b2E9E000BD5099
0x08c32b0726C5684024ea6e141C50aDe9690bBdcc,0x80D972d2a62Ba71814F4e08Bd27F95E5D81d02a9
0x4CC19356f2D37338b9802aa8E8fc58B0373296E7,0xEF9Ac6348A04Ac07C8Cfb19FE19827f1C92d7512
0x6531f133e6DeeBe7F2dcE5A0441aA7ef330B4e53,0x1B8409C18b56FE081f0184535B0449289bdaBcAc
0x4946Fcea7C692606e8908002e55A582af44AC121,0xd9d39540d61F8D6Eb2EE7eEdFae93CC09cC24f0E
0x4a527d8fc13C5203AB24BA0944F4Cb14658D1Db6,0x51fe8E8FA3F9F10288fA8c2Aff1400F887D21c42
0x808507121B80c02388fAd14726482e061B8da827,0x59006FbBcF39592324095404FceaA2852f4d0c79
0x1337DEF16F9B486fAEd0293eb623Dc8395dFE46a,0x648450d9C30B73E2229303026107a1f7eB639f6c
0xcfcEcFe2bD2FED07A9145222E8a7ad9Cf1Ccd22A,0x2756AC0130232cf4F8152548524271CAEC1BA83F
0x02F61Fd266DA6E8B102D4121f5CE7b992640CF98,0x1BB6728dE2aF71C3Af9F2219e5E765d2AD421f77
0x298d492e8c1d909D3F63Bc4A36C66c64ACB3d695,0xCb37b0027858796ce60ECCe4B54C45afdfF02Aca
0x4DC3643DbC642b72C158E7F3d2ff232df61cb6CE,0x3FC5b61F3609FD5F90754Fd07102a496DDD32743
0xb9EF770B6A5e12E45983C5D80545258aA38F3B78,0xa6890aC41e3a99A427bef68398Bf06119fB5e211
0x4c11249814f11b9346808179Cf06e71ac328c1b5,0x9081B50BaD8bEefaC48CC616694C26B027c559bb
0x7865af71cf0b288b4E7F654f4F7851EB46a2B7F8,0xAb9Bef8242c2B97772aE239A5d71c60496A06334
0xa3BeD4E1c75D00fa6f4E5E6922DB7261B5E9AcD2,0x0d0d65E7A7dB277d3E0F5E1676325E75f3340455
0x2Ab6Bb8408ca3199B8Fa6C92d5b455F820Af03c4,0x89751f5258baF36b8A588169c041e0AC06F53175
0x054D64b73d3D8A21Af3D764eFd76bCaA774f3Bb2,0x6E8aBba440a58421f5eEC9892B19c1a72C55c992
0x103c3A209da59d3E7C4A89307e66521e081CFDF0,0x055b39806F73bb547FE30C2917B185543a499463
0xca1207647Ff814039530D7d35df0e1Dd2e91Fa84,0xee5dC788794F3b573Ddd3095A22e6A5Fae68438F
0x5a666c7d92E5fA7Edcb6390E4efD6d0CDd69cF37,0x9c5DE3Ad97B95A0dA09FD0dE84c347DB450cd75c
0xB98d4C97425d9908E66E53A6fDf673ACcA0BE986,0xEcAdc47Bc0DBc696EEf28E4FE80A4360F9ed39EB
0xaD22f63404f7305e4713CcBd4F296f34770513f4,0x4A3fbaD5Ce3f23A7594F462B0970e46B0ef9cf13
0x7C5A0CE9267ED19B22F8cae653F198e3E8daf098,0x430Ba84FadF427eE5E8d4d78538b64C1E7456020
0xc5bDdf9843308380375a611c18B50Fb9341f502A,0x2D0C7c302FFff12894Dde59F9FF738Ef7eF2a662
0x6425c6BE902d692AE2db752B3c268AFAdb099D3b,0xee7E6FE12591ca421B722C8140AF21fc663901c0
0x1735Db6AB5BAa19eA55d0AdcEeD7bcDc008B3136,0x2deEeda49E5436Cfe18E0ba10F58E4496B8FC631
0x1F8A626883d7724DBd59eF51CBD4BF1Cf2016D13,0xEFF2DBE03e67ee5E5A6b645cB61A1c0dCfD890D9
0xF970b8E36e23F7fC3FD752EeA86f8Be8D83375A6,0xf0936E53D924d7F442A04c038082A46c77ECc8d8
0xf3Db5Fa2C66B7aF3Eb0C0b782510816cbe4813b8,0x90FC780e2a7ADd0EF532cB33D2b733Ba2fa6277A
0x558EC3152e2eb2174905cd19AeA4e34A23DE9aD6,0xaBbC922Ce3aFa60c75A2b56ec798da7ecea68B27
0x9E46A38F5DaaBe8683E10793b06749EEF7D733d1,0xb154256024041e3011c8024874e698b69a2081b3
0x286BDA1413a2Df81731D4930ce2F862a35A609fE,0xEb8292E9b139218EcAe9c473d27ac42fABdA6dc4
0xa02120696c7B8fE16C09C749E4598819b2B0E915,0xf838F567Ac2e3255a4cfD6a3Ce23F98AF4E5d9a1
0x798D1bE841a82a273720CE31c822C61a67a601C3,0x9F517f40b6E8E9bCfFA0bBbd70BC69cc1Db1cB0F
0x30f271C9E86D2B7d00a6376Cd96A1cFBD5F0b9b3,0x3AEEE5bA053eF8406420DbC5801fC95eC57b0E0A
0x42d6622deCe394b54999Fbd73D108123806f6a18,0x8Fb8707ef6b66e999aC09A5f96d6ccCD250bCBAd
0x12B19D3e2ccc14Da04FAe33e63652ce469b3F2FD,0x0f8E31593857E182fAB1B7bF38aE269eCE69f4E1
0xc07A150ECAdF2cc352f5586396e344A6b17625EB,0xc518344ED974845FE0a3BA594577578a4ACe186B
0xFdB29741F239a2406AE287913Ef12415160378d3,0xF5dc00b87EC938f40635aA76BE1C42Da886388a6
0x08389495D7456E1951ddF7c3a1314A4bfb646d8B,0x76FE65dc0090cd3bF82ca09Be4b4AdfF741953c0
0x2F141Ce366a2462f02cEA3D12CF93E4DCa49e4Fd,0xb3f39c3108Cd45E1112d8bc9Ae3CD5A110A7CEbD
0x9040e237C3bF18347bb00957Dc22167D0f2b999d,0xe94272661Fd46362e5dd247221e0Fc018a298d09
0xfB559CE67Ff522ec0b9Ba7f5dC9dc7EF6c139803,0x15F32FbF112dA08b37ec15499C34BcEF68a8c5Aa
0x8A9C67fee641579dEbA04928c4BC45F66e26343A,0x2b6A25f7C54F43C71C743e627F5663232586C39F
0xf3db7560E820834658B590C96234c333Cd3D5E5e,0x06BcFC3Cc6cF29bCa64Db2b9d88b673D9D8330EB
0x701C244b988a513c945973dEFA05de933b23Fe1D,0x7c9ac2C6DE7187BC1ddbe61AC87E70F02563ab65
0x21BfBDa47A0B4B5b1248c767Ee49F7caA9B23697,0x0B0d6c11d26B58cB25F59bD9B14190C8941e58fc
0x327673aE6B33Bd3d90f0096870059994f30Dc8AF,0xdA82255b1c648B7BA33446bEf6fdd17fBed291B4
0x0AeE8703D34DD9aE107386d3eFF22AE75Dd616D1,0xa21ECe44Cc5dAc03E3805362bd3f68F22a49Ea1e
0xad32A8e6220741182940c5aBF610bDE99E737b2D,0xE8846B27988FF52c371D5BD27Bf8DBA4097C93D2
0x464eBE77c293E473B48cFe96dDCf88fcF7bFDAC0,0x3E7ac3DfE933d3027A5968bE23C624f1309b1B02
0x0bb217E40F8a5Cb79Adf04E1aAb60E5abd0dfC1e,0xd417f1FcaB7947Cb4EE838FB73D35B9541ca8211
0x60F5672A271C7E39E787427A18353ba59A4A3578,0xC31C590acFAd809D3293F58a1873c182A9643B7E
0x0AF44e2784637218dD1D32A322D44e603A8f0c6A,0xC05be4909B09784B6453BAf8bbe13612b2179f42
0x29CbD0510EEc0327992CD6006e63F9Fa8E7f33B7,0x9553C7F43C0ffE1F20bDf5cB3ad23484850983A9
0x970B9bB2C0444F5E81e9d0eFb84C8ccdcdcAf84d,0x4Ce3687fEd17e19324F23e305593Ab13bBd55c4D
0x6781a0F84c7E9e846DCb84A9a5bd49333067b104,0xde2e46992bD4F86471B52f21Dac2d7c9F6deAc26
0xe3818504c1B32bF1557b16C238B2E01Fd3149C17,0xaE2D4004241254aEd3f93873604d39883c8259F0
0xD8912C10681D8B21Fd3742244f44658dBA12264E,0x87C9524237a19338be7DbCAc01D6D208fF31136F
0xaAAf91D9b90dF800Df4F55c205fd6989c977E73a,0x050397956e1FC8A0a2e62Af035275f8A415B85a7
0xc27A2F05fa577a83BA0fDb4c38443c0718356501,0x86005B57be708e031Ea60ACf9D3852377E74a6c9
0x2791BfD60D232150Bff86b39B7146c0eaAA2BA81,0x1eC9b867b701C1E5ce9a6567eCC4B71838497c27
0x2C974B2d0BA1716E644c1FC59982a89DDD2fF724,0x71284d34813FC17367e2D5F35Df8a1278C31bB15
0x41A3Dba3D677E573636BA691a70ff2D606c29666,0xD8a07e9Fe071106BF29536B93E8C9A26527Af787
0x2A8e1E676Ec238d8A992307B495b45B3fEAa5e86,0x77445009Aa506f6775b2c1EEb804F6c8BE9A92a6
0xDDD460bBD9F79847ea08681563e8A9696867210C,0x49f028d43EB265264a37Beb41085Aae42EeB274c
0x7b6F71c8B123b38aa8099e0098bEC7fbc35B8a13,0x5A3De33Ae548aAe7abaA40Cc25A4edDFE4222b3B
0xADA86b1b313D1D5267E3FC0bB303f0A2b66D0Ea7,0x3098dA7aB4F8Ef73659a750E2F61cdDCEFdA21c2
0x2ef52Ed7De8c5ce03a4eF0efbe9B7450F2D7Edc9,0x16E1576d21dac49374dAAEC35E8145fCe25bE7de
0x08f5a9235B08173b7569F83645d2c7fB55e8cCD8,0xF02A283AB2997084b8932837dF2412e3Ee02F77a
0x0f8c45B896784A1E408526B9300519ef8660209c,0x46DcB97E7c485bA9d541008e3750803769ad620a
0xE477292f1B3268687A29376116B0ED27A9c76170,0xD8f8885F659F5Da5CbF1d68A5D03Eaf5785AceeC
0xC0Eb85285d83217CD7c891702bcbC0FC401E2D9D,0x5eD7eb576ADeA05766f950a495393c44aF815AEb
0xea3983Fc6D0fbbC41fb6F6091f68F3e08894dC06,0xaB3B031512a08C85D52c6e7C4f50170F01bF19e8
0xC11b1268C1A384e55C48c2391d8d480264A3A7F4,0x85DbD18Da4a696442B5c4aA97A661fEaab6d187E
0xe25bCec5D3801cE3a794079BF94adF1B8cCD802D,0x88bcf70b40C2444b212657da76Fb2512F78EF1eA
0x10Be9a8dAe441d276a5027936c3aADEd2d82bC15,0x383d02Acbb27B0066234cC1c9c459E0C54a41B24
0xDD16eC0F66E54d453e6756713E533355989040E4,0xfD3F91FeFF074f22550A71e21aEA0942bD2dbcF4
0x16484d73Ac08d2355F466d448D2b79D2039F6EBB,0xafd88ed9906Ef1C7D46189314452AA4B3D665B8e
0x809826cceAb68c387726af962713b64Cb5Cb3CCA,0xf24721BA53b554d960afc36077751d8759fB97AD
0x0a50C93c762fDD6E56D86215C24AaAD43aB629aa,0x02CDe6Be34a59fF01AA532d56956A3c339C26322
0x4c327471C44B2dacD6E90525f9D629bd2e4f662C,0x395A1350db9627360D09c8b3E7C31FB84261B8F2
0x998FFE1E43fAcffb941dc337dD0468d52bA5b48A,0xff62b7767104FF2785CA4847b9445fd808516515
0xcAaa93712BDAc37f736C323C93D4D5fDEFCc31CC,0x526914CE1611849b9e1133Ff8F8b03A8fAa295Cb
0xfFffFffF2ba8F66D4e51811C5190992176930278,0x040bEf6A2984Ba28D8AF8A24dDb51D61fbF08A81
0xac3211a5025414Af2866FF09c23FC18bc97e79b1,0x610382C1968AA065A662E34E5a258CC64048324f
0x66186008C1050627F979d464eABb258860563dbE,0x26ACBF19d2e47431cf040a0CBa6b3889bBAe8026
0x3ebb4A4e91Ad83BE51F8d596533818b246F4bEe1,0xBc00e708C407d7633f7504434e74C13e171De7F1
0x48C3399719B582dD63eB5AADf12A40B4C3f52FA2,0xE74Bd20A2ef263B3d7e7c88FfCE99F22AcdB403a
0x56A86d648c435DC707c8405B78e2Ae8eB4E60Ba4,0x635b58600509acFe70e0BD4c4935c08182774e58
0xDc5864eDe28BD4405aa04d93E05A0531797D9D59,0x50e3D53b4a22e94ee1cE5c3A852D94d145d5852e
0xeb547ed1D8A3Ff1461aBAa7F0022FED4836E00A4,0x01D92294Bf3B7adBaB7cd615A6DE188f43B1F6bc
0x0CDF9acd87E940837ff21BB40c9fd55F68bba059,0x092E793AFe54366601Eb7eF7e63b6abB93EDB485
0xD0660cD418a64a1d44E9214ad8e459324D8157f1,0x2CC57fC3De5D925793cBa33C8d379697d82C89d8
0x5136C98A80811C3f46bDda8B5c4555CFd9f812F0,0xE61cC4Ab91a6753DdF6449908a07E784b7cE6270
0xAcfa209Fb73bF3Dd5bBfb1101B9Bc999C49062a5,0x2c618Ff14c3273236Ee441cb24aa6998F266A872
0x155ff1A85F440EE0A382eA949f24CE4E0b751c65,0x54965801946d768b395864019903aEF8B5b63BB3
0x846C66cf71C43f80403B51fE3906B3599D63336f,0xEEd8302bCB5141b91d859BF8D3bf3d84D59781DB
0x68d57c9a1C35f63E2c83eE8e49A64e9d70528D25,0x005aA85499bFe43849eA167c5B78076f3510131B
0x3832d2F059E55934220881F831bE501D180671A7,0xc84778a8737b81A8C48Dbf7B9bC84Ae97BF33FA4
0xAF691508BA57d416f895e32a1616dA1024e882D2,0xC4AaE4163AfD45Ed78fA385AE0B10684B83B5321
0x50bC2Ecc0bfDf5666640048038C1ABA7B7525683,0x2bb38180f30D17b9873202F05417011204174bE2
0xE9A95d175a5f4C9369f3b74222402eB1b837693b,0x9730b014700E78593fe62c06Cad47AD1E0e5dfF9
0xe469c4473af82217B30CF17b10BcDb6C8c796e75,0x966dd46d9F09986bB79e6f6d7D4bA4A3eEc22052
0x0f7F961648aE6Db43C75663aC7E5414Eb79b5704,0xE0cc5aFc0FF2c76183416Fb8d1a29f6799FB2cdF
0x8c18D6a985Ef69744b9d57248a45c0861874f244,0xaa0DF198837Dc8E7eB67fBe21A14531671Cf516e
0x107c4504cd79C5d2696Ea0030a8dD4e92601B82e,0xf1Ff4c672DaBf9AEa4813DdA6De66b860b0970b4
0x9AF839687F6C94542ac5ece2e317dAAE355493A1,0xFF431F8410f27B0ea5a361D055bD15f5CD091ac4
0xCdeee767beD58c5325f68500115d4B722b3724EE,0x61122B41600c59eF4248fF9818Fbf0A1B43abE17
0xD8E3FB3b08eBA982F2754988d70D57eDc0055ae6,0x18112DA8f2D6576926fCfb4D2c511Fe9C6F8b2B5
0x0E29e5AbbB5FD88e28b2d355774e73BD47dE3bcd,0x9c5999653F44672336C2ef0A0008587fA8b9957E
0x554FFc77F4251a9fB3c0E3590a6a205f8d4e067D,0xf6d75dDceCb657f76135854B1a7d6c4BCe49c263
0x4C6eC08CF3fc987c6C4BEB03184D335A2dFc4042,0x478893fcBFffC3283FEce2a216229e1c34093980
0x922aC473A3cC241fD3a0049Ed14536452D58D73c,0x5337E2D8cf1a0341eA97B70Bf4a6b7883CEEec69
0xAC9ce326e95f51B5005e9fE1DD8085a01F18450c,0x76a5b30f2886Ec8E6328D6c62358CD73242db065
0xBbff34E47E559ef680067a6B1c980639EEb64D24,0x495871F1825193471F614Fde19c8c580f5E7Ac63
0x2467AA6B5A2351416fD4C3DeF8462d841feeecEC,0x875658492b1Aa687747f4BBe51439EaA472Dfd04
0x28b5E12CcE51f15594B0b91d5b5AdaA70F684a02,0xE4BfEf5320F3daEB09273bE56Fe7FB39E6bF2D3D
0xF4134146AF2d511Dd5EA8cDB1C4AC88C57D60404,0x0Adc2614FE131142BD40488D5177725c3878bc2c
0x264Dc2DedCdcbb897561A57CBa5085CA416fb7b4,0x7753EdE5De2571Ed5d125A7C2b63C834c13629a4
0x36F3FD68E7325a35EB768F1AedaAe9EA0689d723,0x4acDB58fD79556cD276a08ec2e599d48A1ac6290
0x0Ebb614204E47c09B6C3FeB9AAeCad8EE060E23E,0xBb38EF59F55414CC8bb4f070A6b870f3E09949f8
0x1CCAA0F2a7210d76E1fDec740d5F323E2E1b1672,0x41550B0bA26266b9a9afa86765a5BcFec1Ca8b9D
0x4f3AfEC4E5a3F2A6a1A411DEF7D7dFe50eE057bF,0x058361eFe02F251D09CC5E681A9d1b404f4eca67
0x0A913beaD80F321E7Ac35285Ee10d9d922659cB7,0xdAdf443c086F9D3C556ebC57c398a852f6a02898
0x2ecB13A8c458c379c4d9a7259e202De03c8F3D19,0x396f068A0f6079263F4936740ab9e254BcB31422
0x667088b212ce3d06a1b553a7221E1fD19000d9aF,0x06d5b7380C65c889abd82D3Df8aC118AF31156a1
0xe516D78d784C77D479977BE58905B3f2b1111126,0x40A02a22f3D52A69ED429E021a7424D66c85e975
0xf0Ee6b27b759C9893Ce4f094b49ad28fd15A23e4,0x67167A6223763518485392b579D433a43Cd94215
0xe5feeaC09D36B18b3FA757E5Cf3F8dA6B8e27F4C,0x23BfedB92a5e5B8571650c975f9553c1113e75CB
0x543Ff227F64Aa17eA132Bf9886cAb5DB55DCAddf,0xf37Ed742819Ec006b0802df5c2B0e9132F22C625
0x6D0F5149c502faf215C89ab306ec3E50b15e2892,0xdb9Cd2f59B930Ce823D8b071Ba8f2174B59194b5
0xEDD7c94FD7B4971b916d15067Bc454b9E1bAD980,0x657f3fd62bfa3de5448ec3Ef5369405fafb38348
0x2e2364966267B5D7D2cE6CD9A9B5bD19d9C7C6A9,0x06E4c11EAaC88AE9253f9E86B60c8B4E7D4B281C
0xAE1eaAE3F627AAca434127644371b67B18444051,0xD65E975c7D0d5871EfF8b079120E43C9F377aDa1
0xd341d1680Eeee3255b8C4c75bCCE7EB57f144dAe,0x8364ADa2e617314E342485e87FbE36aF6D923ae7
0x3505F494c3f0fed0B594E01Fa41Dd3967645ca39,0xe0b1433E0174b47E8879EE387f1069a0dBf94137
0xdD0020B1D5Ba47A54E2EB16800D73Beb6546f91A,0xAffA958B3Ef43ea59Cd4e208957003a85b5c00C0
0x4CF488387F035FF08c371515562CBa712f9015d4,0xD25633D96869910c5Ef1c4837155720823109560
0xc12d099be31567add4e4e4d0D45691C3F58f5663,0xC04744ab87A4C37afD91680ef280B96Ee21A026E
0xfDBc1aDc26F0F8f8606a5d63b7D3a3CD21c22B23,0x0B55a9937628B4Bb7c2f47606e161BcA6c2A56ce
0x2C4e8f2D746113d0696cE89B35F0d8bF88E0AEcA,0x05E452Bc74E85b026aB36CA9276573fE4738e77f
0xfAE4Ee59CDd86e3Be9e8b90b53AA866327D7c090,0xB11D5ab1a7Ff71C8dbaE9Bd70aeb8eE18664f8D1
0x1cBb83EbcD552D5EBf8131eF8c9CD9d9BAB342bC,0x146D3401B6a41122Bd318ba676A01c44cB0795E2
0x68037790A0229e9Ce6EaA8A99ea92964106C4703,0x85503c60a699a518854385ca59F370D17722EbB0
0xc666081073E8DfF8D3d1c2292A29aE1A2153eC09,0xf4ef707f3F4166cc79aF15959014dBE0ECD7EfA3
0x37E8789bB9996CaC9156cD5F5Fd32599E6b91289,0xfaE7F757E4d32583e40fE1Bd55C8c1C651bA0D1C
0xfc05987bd2be489ACCF0f509E44B0145d68240f7,0xF3a4b52bF0d1fCb8A81123F44933Edbc35af4Da0
0x3449FC1Cd036255BA1EB19d65fF4BA2b8903A69a,0x11226A039572791de8Df7b9E82224b6734aFDead
0x0f71B8De197A1C84d31de0F1fA7926c365F052B3,0x1A1FE6F955B6567a75dddEc526320a4A1A214fA9
0x048Fe49BE32adfC9ED68C37D32B5ec9Df17b3603,0xAc6849439075D97f40842F8f0f3Bcb375eF10ecB
0xff2b3353c3015E9f1FBF95B9Bda23F58Aa7cE007,0x07F601e6d042de39D0fEEB435C2B4D8297Ecac15
0x4D2eE5DAe46C86DA2FF521F7657dad98834f97b8,0x9479b62FD1CB36F8FEd1EEBb1Bb373d238d08216
0x377d552914E7A104bC22B4F3B6268dDC69615Be7,0xBA2ddA035358E513f2De62f1FE73c20Fe3Ba316f
0xf14922001A2FB8541a433905437ae954419C2439,0x44a4a1824dF50713f0d9DbD44f22e3373a25B534
0x8185Bc4757572Da2a610f887561c32298f1A5748,0xdc3f6f4C00B55F56d5Ef6293b762c6483af24A82
0x24E3794605C84E580EEA4972738D633E8a7127c8,0xcABebC0c5a9d6522640d81C22975ca31b8F8fF48
0x910Dfc18D6EA3D6a7124A6F8B5458F281060fa4c,0x49CA5151cfa6604b74A538C4f40dd111ef4733a7
0x737F98AC8cA59f2C68aD658E3C3d8C8963E40a4c,0x596A92F8d8b8906fae8e3Dad346284f354830E1a
0x2baac9330Cf9aC479D819195794d79AD0c7616e3,0x1d00A86f9d3db4b4dc3C5eB16159c8409538Bedb
0x661Ab0Ed68000491d98C796146bcF28c20d7c559,0x2999528824A1a839D9AF5CfEAD053236BE675984
0xf04a8ac553FceDB5BA99A64799155826C136b0Be,0xB3f1E2D2a1a1ba9bcBCf0c1278deD541e305BD5a
0xEA097A2b1dB00627B2Fa17460Ad260c016016977,0x440349579065299f3458E4f101d2fc410517997d
0x5d48F293BaED247A2D0189058bA37aa238bD4725,0x60D78eEaFa976525A253dDF1f3D61f4be033aB02
0xa150Db9b1Fa65b44799d4dD949D922c0a33Ee606,0x53455f3B566d6968e9282d982dD1e038E78033ac
0xc528c28FEC0A90C083328BC45f587eE215760A0F,0xE5D5493c07172a723FA2c2420224C86FBecBcc35
0xcbCC0F036ED4788F63FC0fEE32873d6A7487b908,0xD309Ad5D0E98600c8376248610aDB74230733f2e
0x8Ae4BF2C33a8e667de34B54938B0ccD03Eb8CC06,0x2bf2f88a914aDc1314aAa3a1800b33f6ceA825D2
0xe0955F26515d22E347B17669993FCeFcc73c3a0a,0xd78E04a200048a438D9D03C9A3d7E5154dE643b1
0x55a290f08Bb4CAe8DcF1Ea5635A3FCfd4Da60456,0x0F74C81c67531146290bC34Bd85516e2f9891D2C
0xd31695a1d35E489252CE57b129FD4b1B05E6AcaC,0x78688eB50cf6fCFf197db9b2370a27a7F98aDB88
0x5c64031C62061865E5FD0F53d3CDaeF80f72E99D,0x291B52BFA5a712D61BEA29AAD44635acE274122C
0x83984d6142934bb535793A82ADB0a46EF0F66B6d,0x73263767A9d5e6998BA408839E06C054A88448E1
0xa7ED29B253D8B4E3109ce07c80fc570f81B63696,0x3A8EFEDc16fE1a420fB1792D4392B882993aa3AF
0x41dBECc1cdC5517C6f76f6a6E836aDbEe2754DE3,0x07D1435d754f8Eb63D9604170A3D945f6C3d638a
0x1961B3331969eD52770751fC718ef530838b6dEE,0x471fBD0728529f8C099b52346c05577dDa5633F6
0x905E337c6c8645263D3521205Aa37bf4d034e745,0x1b128c01dCF1A424702Aa0FB97Db30DAedE82abF
0x574F84108a98c575794F75483d801d1d5DC861a5,0xbc4100eafe2E26321DA270A228bFC7D08C05e1Db
0xA9d2927d3a04309E008B6af6E2e282AE2952e7fD,0xbE8527a04D3E72b4b50c36821d7e7439f44EFC47
0x7DEE45dff03ec7137979586cA20a2F4917BAC9Fa,0xAEc21057BB0C910C22f6F6dB64aE6743e96718B4
0xa8006C4ca56F24d6836727D106349320dB7fEF82,0x73994f935B23511686ce1DD59C295E5100031F4B
0xd07D9Fe2d2cc067015E2b4917D24933804f42cFA,0x85FcFD19cb866fa42387B5896711Bf655D8C90a2
0x539F3615C1dBAfa0D008d87504667458acBd16Fa,0x9C6c852A56de59a59F7A4527724a2a0A87f7D223
0x9AF4f26941677C706cfEcf6D3379FF01bB85D5Ab,0x90c8bE3901D5Bbc4f88aB70203c8C514921E1150
0xF70a642bD387F94380fFb90451C2c81d4Eb82CBc,0x050AB62b1c68f44B401508dA64dBf8C6bFCEeABc
0x429876c4a6f89FB470E92456B8313879DF98B63c,0xB88D770E73D2EA6E55AC971538f08584659cf685
0x96A65609a7B84E8842732DEB08f56C3E21aC6f8a,0xAEB68009f55aEC865591d29e4ade8f34477dfb8b
0xAA19961b6B858D9F18a115f25aa1D98ABc1fdBA8,0x0dc6CBdC6d2D44856D3FD4354246Bc72aD538D68
0x0E22734e078d6e399BCeE40a549DB591C4EA46cB,0xb4f584ecBDcE12Cca1259E5faf4D9cFb9FC4045f
0x8578530205CEcbe5DB83F7F29EcfEEC860C297C2,0xEd6A33fb76513ca93a986E9cAf7De1c16F9d6C01
0x7d4b8Cce0591C9044a22ee543533b72E976E36C3,0x4751c9cA5230A33E8da11C3d4Be623409Ed524b8
0x998b3B82bC9dBA173990Be7afb772788B5aCB8Bd,0x49625fdf6Ab527B357a98832A6a3dEb550b756cb
0x63f584FA56E60e4D0fE8802b27C7e6E3b33E007f,0x14Cc4B7e2E0C770a248374D169A2a01F69A6dC72
0xc42209aCcC14029c1012fB5680D95fBd6036E2a0,0x13A815D3221b06b70206e1690c33E71FFBa1fB5c
0x83e2BE8d114F9661221384B3a50d24B96a5653F5,0x4ecA408CE8f3e509E8F0029e6981860f15E661B2
0x7f1F2D3dFa99678675ECE1C243d3f7bC3746db5D,0x54049236Fc1Db3e274128176efEdF7C69B4C6335
0x14Da7b27b2E0FedEfe0a664118b0c9bc68e2E9AF,0x8382AeaB50c5d60e06cf3B68A51Cd88C39A061c6
0xd559f20296FF4895da39b5bd9ADd54b442596a61,0xC19263e6A6f678Ef1ce87F8a55444bEef5ddD5Db
0x2ccbFF3A042c68716Ed2a2Cb0c544A9f1d1935E1,0x1C6D213c09EF267aBa358d5395Cebae513ebb911
0x9b4e2B4B13d125238Aa0480dD42B4f6fC71b37CC,0xb185D6Cb4763D9aa82177665f0E6AB2Fb9ef38A9
0xcbd55D4fFc43467142761A764763652b48b969ff,0x7df4A1D4a8D8390Bef36F311252423CCe04e5647
0x8D75959f1E61EC2571aa72798237101F084DE63a,0x57f67b1991BC6b4D82fCD9cfc9Fb02E270897cA8
0x539EfE69bCDd21a83eFD9122571a64CC25e0282b,0xD80e0aBf542c874E055da73f2A9D7cE492CdfB51
0x06e0feB0D74106c7adA8497754074D222Ec6BCDf,0x9A98C0018B6e94Bf43B5c7C06344A8011723571b
0xCb94be6f13A1182E4A4B6140cb7bf2025d28e41B,0xAddF19D893932cC1F2652600904a58d5925fe9E5
0x687174f8C49ceb7729D925C3A961507ea4Ac7b28,0xe8d06c2d717364991c7bdF15D8f2acE261A17849
0xe530441f4f73bDB6DC2fA5aF7c3fC5fD551Ec838,0x9Da3B99210496Ef7B76264392409C04A24caddC7
0x93dfaf57D986B9cA77Df9376c50878E013D9c7C8,0x306D9C4C195cB49D48599a773E18aB79469811e3
0x740623d2c797b7D8D1EcB98e9b4Afcf99Ec31E14,0x5B7aD60A92e725597e4A28444d498d1999cF66b6
0xD49ff13661451313cA1553fd6954BD1d9b6E02b9,0x326246CB8DE893fFb4c257272C073785bbB4BD90
0x68AA3F232dA9bdC2343465545794ef3eEa5209BD,0x944ECE52E743EBDae24ce53de9B3dbA67DFf7220
0x91e64F39C1FE14492e8FDf5A8B0f305BD218C8A1,0xe69900064A520789E039ff02580F113EA8575c5e
0xEeEeeeeEe2aF8D0e1940679860398308e0eF24d6,0xd4d055fcE4948dd9925000967A30933F6bD0FB03
0xFb5a551374B656C6e39787B1D3A03fEAb7f3a98E,0x9f279FdB339Cc9F1e075D26f15965de5290C427F
0xBDFA65533074B0b23EbC18c7190BE79Fa74b30c2,0x885f128D5672222F4A0657D2C7A28d9065C80ee6
0xB5DBC6D3cf380079dF3b27135664b6BCF45D1869,0x3a4565AdbE5e01c3254D92B77D9C6289f2De68B1
0x3136eF851592aCf49CA4C825131E364170FA32b3,0x53fC323b54c9F73879464cCDC412c34B004dc55f
0x8727c112C712c4a03371AC87a74dD6aB104Af768,0x360686D848AAf42f9dC834AD786f4aFc7226Ac1d
0x0e0989b1f9B8A38983c2BA8053269Ca62Ec9B195,0xDcfe794b93A184ed83911Dd94e6E11D46F096CB2
0xf8e386EDa857484f5a12e4B5DAa9984E06E73705,0xd5B1523b48D41c46E5d1091A9b068159353ff3D7
0xBC86727E770de68B1060C91f6BB6945c73e10388,0xd387Fc6d926A895E018B5e9E771CF0A6d977fE3b
0x81c9151de0C8bafCd325a57E3dB5a5dF1CEBf79c,0x597B0E8D7709d4148E2FC88B3d1aB23968553031
0xaeC2E87E0A235266D9C5ADc9DEb4b2E29b54D009,0x5D27dF1a6E03254E4f1218607D8E073667ffae2F
0x1d37986F252d0e349522EA6C3B98Cb935495E63E,0x960D228BB345Fe116ba4cba4761aab24A5fa7213
0xD0D6D6C5Fe4a677D343cC433536BB717bAe167dD,0xD65bb7C7D95B8e948c6D6fD88f3EA544D7c67b59
0x44f262622248027f8E2a8Fb1090c4Cf85072392C,0xDAeF1026b0C63eed3B2B86aF396D724DDB9dCd18
0xf1F508c7C9f0d1b15a76fbA564eEf2d956220cf7,0x6B1455E27902CA89eE3ABB0673A8Aa9Ce1609952
0xba2184520A1cC49a6159c57e61E1844E085615B6,0x5A422BEdb8B026E618b7fAA6CCB90702Bec9fB2D
0x0000000000004946c0e9F43F4Dee607b0eF1fA1c,0xa6f3ef841d371a82ca757FaD08efc0DeE2F1f5e2
0x8D3E855f3f55109D473735aB76F753218400fe96,0xEd86244cd91f4072C7c5b7F8Ec3A2E97EA31B693
0xFFE02ee4C69eDf1b340fCaD64fbd6b37a7b9e265,0x029a7Cc6DaDbbc129Aa6c7771A54055042a4F936
0x459086F2376525BdCebA5bDDA135e4E9d3FeF5bf,0x0E4410DCa13D85411BB9281fF0571064493da483
0x1dEa979ae76f26071870F824088dA78979eb91C8,0x5de18ACf0D5af9e9Bd8BdfAD3484F4F91179065e
0x3A92bD396aEf82af98EbC0Aa9030D25a23B11C6b,0x4a484145b3D7AC2669A943AEa60f163f9EdE91a0
0xfa05A73FfE78ef8f1a739473e462c54bae6567D9,0x9d0dD14b5Ba5b60253124B17001b1E4C4CC78a4B
0x1c4481750daa5Ff521A2a7490d9981eD46465Dbd,0x21a656cdf89DD50A74abfAb32970a6f21d3b68d0
0xeaf61FC150CD5c3BeA75744e830D916E60EA5A9F,0xDDdF2F82A1918Bd07290f21dDa37769B2E6d62C1
0xAa0bb10CEc1fa372eb3Abc17C933FC6ba863DD9E,0x71c61387B826C98b6d9C24B2c8a0dbaaeA64d971
0x83cee9e086A77e492eE0bB93C2B0437aD6fdECCc,0x082109085ecf28fDF7C861780A45a32180b46663
0x923108a439C4e8C2315c4f6521E5cE95B44e9B4c,0x9CAb4600A8527D8fCDa3E602088812eF7210263a
0x04B5E13000C6e9A3255Dc057091F3e3Eeee7b0f0,0x0054C61A19E307DDd3ff81746487d7526f8C4a76
0xB81D70802a816B5DacBA06D708B5acF19DcD436D,0xcB3c1f96aE6ab4Fc0DEc14703cc7aD9fCfD6D178
0x9f20Ed5f919DC1C1695042542C13aDCFc100dcab,0x6F21eeA19c917Fd5CE48cABFeb3bd723Dfa508a6
0x491C9A23DB85623EEd455a8EfDd6AbA9b911C5dF,0xA2Ef67fa7D9D7782c86FFa59A8776f8856e9cC7c
0x4355fC160f74328f9b383dF2EC589bB3dFd82Ba0,0xad6301E2608F3f2C25Abb29619877a8F597Ad8f7
0x48C1B2f3eFA85fbafb2ab951bF4Ba860a08cdBB7,0x59Bac4580c0b21852e2e3EcB3E2F60c6d1B5E056
0x5D4d57cd06Fa7fe99e26fdc481b468f77f05073C,0x6d9e7E92F507c07f0eE4c9E14FB93b7Ed6F07664
0x3c4bEa627039F0B7e7d21E34bB9C9FE962977518,0x01AaB18b9186228354b1523D07ae06C5e8c414fb
0x47bc01597798DCD7506DCCA36ac4302fc93a8cFb,0x3ED48FC40BBE4600B6bD9d7A09C2EbE121989081
0xf7B098298f7C69Fc14610bf71d5e02c60792894C,0x890A2f528c715eEf1a45A971CfafAe6C7abB8826
0x7654915A1b82D6D2D0AFc37c52Af556eA8983c7E,0xC8BdAF8570B66F6031516F8B895E10e57d66FeFC
0x2c949199cFF14AEAF1B33D64Db01F48FB57f592f,0x40e5F24C91f280e0bEAa0e030890E52066B395a7
0x4689a4e169eB39cC9078C0940e21ff1Aa8A39B9C,0xa937C5DC80da0165474a7Ddb6706bAFcC6F03c1f
0x095648BC80a7d1Dd16B85E9B84F07463a20f3536,0xDD62297E29a06879e56187aBB84975578e045eE1
0x780116D91E5592E58a3b3c76A351571b39abCEc6,0x6f5AC85250306b7CB6E8ffA98c4ecc16c881B68d
0x4954Db6391F4feB5468b6B943D4935353596aEC9,0xB3425ccB1A5AB5882D79254d87712592be1a19D7
0x8dB54ca569D3019A2ba126D03C37c44b5eF81EF6,0x758B268518769CfD6A778e22b5FEd2C55F63ec14
0x63e634330A20150DbB61B15648bC73855d6CCF07,0x7eF8D016941D2124424530D5148f4F217B180546
0xf344490ABd414DaFa97f34c8Ca501B0aa5Bf8873,0x0F9e595b5D81d2b4BFcf1a10B1B7DF43728A2B46
0xDaab5E695bb0E8Ce8384ee56BA38fA8290618e52,0x1659f09ACCc7e6D4197dA92b737A580DD4576594
0xFEF3884b603C33EF8eD4183346E093A173C94da6,0x77D50919243Dc6A7D7a19360006aeEA1Caf461e2
0xfF5c25D2F40B47C4a37f989DE933E26562Ef0Ac0,0x901fAF40d203e3e8e266665d6D32a5B979855F11
0x7B68D272EDa2185ea2F9283F241b1c44C51e712A,0x73dB0B9D7b8de2329C088a43F64629d1F5c2599D
0xAbC430136A4dE71c9998242de8c1b4B97D2b9045,0xC127b87183C3EFA614B99E8898a5367ef62Bfe1a
0x45245bc59219eeaAF6cD3f382e078A461FF9De7B,0x6c1144DD0A867cB7D0931196E191cD06330Fb3dc
0x2aECCB42482cc64E087b6D2e5Da39f5A7A7001f8,0xe874DCe5411Fd70CB9b1DEb530c7033bA1ce8609
0x7Fc66500c84A76Ad7e9c93437bFc5Ac33E2DDaE9,0xDFC14d2Af169B0D36C4EFF567Ada9b2E0CAE044f
0xD533a949740bb3306d119CC777fa900bA034cd52,0x3dA1313aE46132A397D90d95B1424A9A7e3e0fCE
0xbC396689893D065F41bc2C6EcbeE5e0085233447,0xf66369997ae562BC9eeC2AB9541581252f9Ca383
0x408e41876cCCDC0F92210600ef50372656052a38,0x8Bd1661Da98EBDd3BD080F0bE4e6d9bE8cE9858c
0x5245C0249e5EEB2A0838266800471Fd32Adb1089,0x3c4adc4DC1A50bf6Ec59af196A204415bC708429
0x8290333ceF9e6D528dD5618Fb97a76f268f3EDD4,0x5201883feeb05822CE25c9Af8Ab41Fc78Ca73fA9
0x674C6Ad92Fd080e4004b2312b45f796a192D27a0,0x55350f984476a5E9f49c0db4FB5AcE12A4407C09
0x6810e776880C02933D47DB1b9fc05908e5386b96,0x3e8468f66d30Fc99F745481d4B383f89861702C6
0x8CE9137d39326AD0cD6491fb5CC0CbA0e089b6A9,0xaC317d14738A454Ff20B191ba3504aA97173045b
0xa1faa113cbE53436Df28FF0aEe54275c13B40975,0x60B2cC2c6ECD3DD89b4fD76818EF83186e2F2931
0x8762db106B2c2A0bccB3A80d1Ed41273552616E8,0xba65016890709dBC9491Ca7bF5DE395B8441DC8B
0xDDB3422497E61e13543BeA06989C0789117555c5,0xA2b04F8133fC25887A436812eaE384e32A8A84F2
0xFE3E6a25e6b192A42a44ecDDCd13796471735ACf,0x7937619A9BD1234A303e4Fe752b8D4F37d40E20c
0x3472A5A71965499acd81997a54BBA8D852C6E53d,0x97524f602706cDB64F9DFa71909ACE06e98200b6
0x1985365e9f78359a9B6AD760e32412f4a445E862,0xec2D2240D02A8cf63C3fA0B7d2C5a3169a319496
0x8Fc8f8269ebca376D046Ce292dC7eaC40c8D358A,0xb079D6bE3faf5771e354586DbC47d0a3D37C34fb
0x5f98805A4E8be255a32880FDeC7F6728C6568bA0,0xF20EF17b889b437C151eB5bA15A47bFc62bfF469
0xa0246c9032bC3A600820415aE600c6388619A14D,0x56feAccb7f750B997B36A68625C7C596F0B41A58
0x8Ab7404063Ec4DBcfd4598215992DC3F8EC853d7,0x8Cb77eA869DeF8f7fdEab9E4dA6cF02897bbF076
0xCC4304A31d09258b0029eA7FE63d032f52e44EFe,0xD90a1ba0cbaaaabfdC6C814cDF1611306A26E1f8
0xD46bA6D942050d489DBd938a2C909A5d5039A161,0xc5be99A02C6857f9Eac67BbCE58DF5572498F40c
0x0f51bb10119727a7e5eA3538074fb341F56B09Ad,0x7DD3F5705504002dc946AEAfE6629b9481b72272
0x62359Ed7505Efc61FF1D56fEF82158CcaffA23D7,0x32Ce7e48debdccbFE0CD037Cc89526E4382cb81b
0x990f341946A3fdB507aE7e52d17851B87168017c,0xC0bF97bffA94A50502265C579a3b7086D081664B
0x2ba592F78dB6436527729929AAf6c908497cB200,0xddF9b7a31b32EBAF5c064C80900046C9e5b7C65F
0xf8C3527CC04340b208C854E985240c02F7B7793f,0x2EA2eb8F9A1BF17bCBf2555536c9d1E24E45ebc0
0xA9B1Eb5908CfC3cdf91F9B8B3a74108598009096,0x30D4e73CC4580cbCf50BaAD3510d1E9Efa187716
0x87d73E916D7057945c9BcD8cdd94e42A6F47f776,0x7B890092f81B337Ed68FBa266AfC7b4c3710A55b
0x03ab458634910AaD20eF5f1C8ee96F1D6ac54919,0x8aE720a71622e824F576b4A8C03031066548A3B1
0x88EF27e69108B2633F8E1C184CC37940A075cC02,0x23f7D99C169dEe26b215EdF806DA8fA0706C4EcC
0x38e4adB44ef08F22F5B5b76A8f0c2d0dCbE7DcA1,0x12D4444f96C644385D8ab355F6DDf801315b6254
0x6243d8CEA23066d098a15582d81a598b4e8391F4,0xd6F3768E62Ef92a9798E5A8cEdD2b78907cEceF9
0x0763fdCCF1aE541A5961815C0872A8c5Bc6DE4d7,0xFc74eCDEe4e9ffF2f2ef4cdf4F1c777b2EF0e905
0x1cEB5cB57C4D4E2b2433641b95Dd330A33185A44,0x87fEbfb3AC5791034fD5EF1a615e9d9627C2665D
0x6DEA81C8171D0bA574754EF6F8b412F2Ed88c54D,0xB13201b48B1E61593DF055576964D0b3AaB66eA3
0x1FCdcE58959f536621d76f5b7FfB955baa5A672F,0x2Cf7a2a639d9B27be53f8c93aB6Ae8b90f1a9591
0x95a4492F028aa1fd432Ea71146b433E7B4446611,0xF043c39A106db6B58C76995F30Ba35fD211c3b76
0x441761326490cACF7aF299725B6292597EE822c2,0x2023E234D71E0C2A67eA99bbC727c70EF3f8eD70
0x993864E43Caa7F7F12953AD6fEb1d1Ca635B875F,0x424485f89ea52839fdB30640Eb7DD7E0078E12fb
0xde4EE8057785A7e8e800Db58F9784845A5C2Cbd6,0x11Cb9E028B82eee75443fDc27929b9C49736C552
0x485d17A6f1B8780392d53D64751824253011A260,0x1d474d4B4A62b0Ad0C819841eB2C74d1c5050524
0xA4EED63db85311E22dF4473f87CcfC3DaDCFA3E3,0x10db37f4d9b3bc32AE8303B46E6166F7e9652d28
0x8888801aF4d980682e47f1A9036e589479e835C5,0x4D96369002fc5b9687ee924d458A7E5bAa5df34E
0xE5CAeF4Af8780E59Df925470b050Fb23C43CA68C,0x92330D8818e8A3B50f027C819FA46031FfBa2C8C
0x6fC13EACE26590B80cCCAB1ba5d51890577D83B2,0xB1BbeEa2dA2905E6B0A30203aEf55c399C53D042
0xd1e2d5085b39B80C9948AeB1b9aA83AF6756bcc5,0x182dd16d5596B2E635216a9BDa25B3D6E9d50518
0xa393473d64d2F9F026B60b6Df7859A689715d092,0x69884dA24F31960F694A8fa1f30aA8E0416FBD04
0xa1d65E8fB6e87b60FECCBc582F7f97804B725521,0x1c9052e823b5f4611EF7D5fB4153995b040ccbf5
0x3c9d6c1C73b31c837832c72E04D3152f051fc1A9,0xc9ca10d36441B5b45d5E63480139105f037972e0
0xFc979087305A826c2B2a0056cFAbA50aad3E6439,0xcd4a2F72E3D646e8aDDAb74A68C2175d6A36B0E3
0x63b4f3e3fa4e438698CE330e365E831F7cCD1eF4,0x36938d1419b717C97EBDB273702806CA73f89a4C
0xc813EA5e3b48BEbeedb796ab42A30C5599b01740,0xd1Bc66660bA7edD64F0cC442ca5F32e5d199dfc6
0xEd0439EACf4c4965AE4613D77a5C2Efe10e5f183,0x7D611e4CF1C7B94561C4cAA5602F329d108336e3
0x875773784Af8135eA0ef43b5a374AaD105c5D39e,0x29A9777DA2Bacd8C4a28b6fd8247C4Ca4F098f12
0x888888888889C00c67689029D7856AAC1065eC11,0x4802ceB046EF35af802Aa1be75eeacb4ec2a9bad
0xB8BAa0e4287890a5F79863aB62b7F175ceCbD433,0xC139D8450177C0B8c3788608518687b585f7Ae5a
0xFAc3f6391C86004289A186Ae0198180fCB4D49Ab,0xA3053da613E5312C9e4b50EdfB85F5A512C556D7
0xB1f66997A5760428D3a87D68b90BfE0aE64121cC,0xc5d3C66133a6264b0f2E712b8e10EF96EFB93eb2
0x43A96962254855F16b925556f9e97BE436A43448,0xBAA48Ef52FE0cF3A2682c1247b18d4274a988132
0x054f76beED60AB6dBEb23502178C52d6C5dEbE40,0x486792bcdb13F8aaCf85288D98850FA2804F95c7
0xB97FaF860045483E0C7F08c56acb31333084a988,0xc2d20328eB8bb0Bf0984d9149eab611920be9ba1
0x91dFbEE3965baAEE32784c2d546B7a0C62F268c9,0x4D3138931437dcC356cA511AC812E14bA8199Fd6
0x961C8c0B1aaD0c0b10a51FeF6a867E3091BCef17,0xBa7872534a6C9097d805d8BEE97e030f4e372e54
0xE4CFE9eAa8Cdb0942A80B7bC68fD8Ab0F6D44903,0x1e8ff5341bc63782b0212926D6eaf43CB80a0C75
0x066798d9ef0833ccc719076Dab77199eCbd178b0,0xB8172076ceb35B6701F96eB9088818EFc010BD44
0x5F0E628B693018f639D10e4A4F59BD4d8B2B6B44,0xA3b79b78678c15eEC77389b380988B0229Da1876
0x5e74C9036fb86BD7eCdcb084a0673EFc32eA31cb,0x598E740cda7C525080d3FCb9Fa7C4E1bd0044B34
0x2e9d63788249371f1DFC918a52f8d799F4a38C94,0x5Fa464CEfe8901d66C09b85d5Fcdc55b3738c688
0xdBdb4d16EdA451D0503b854CF79D55697F90c8DF,0x352E5EeE2D9C957710be656534D51Fbb3Ce074d6
0xfE18be6b3Bd88A2D2A7f928d00292E7a9963CfC6,0xb749eDaC57278A86984692dD2aA1EE2aafCf5B45
0x09a3EcAFa817268f77BE1283176B946C4ff2E608,0x57aB5AEB8baC2586A0d437163C3eb844246336CE
0x0258F474786DdFd37ABCE6df6BBb1Dd5dfC4434a,0x6C8b0Dee9E90EA9F790DA5DaF6f5B20D23B39689
0x83e6f1E41cdd28eAcEB20Cb649155049Fac3D5Aa,0xFfA98A091331Df4600F87C9164cD27e8a5CD2405
0x1494CA1F11D487c2bBe4543E90080AeBa4BA3C2b,0x4d5ef58aAc27d99935E5b6B4A6778ff292059991
0x35A18000230DA775CAc24873d00Ff85BccdeD550,0xf3eA2100E1B85772b76e342c955e22A01C970B8a
0xAa6E8127831c9DE45ae56bB1b0d4D4Da6e5665BD,0xF91c12DAe1313d0bE5d7A27aa559B1171cC1EaC5
0x0b38210ea11411557c13457D4dA7dC6ea731B88a,0x4Dd26482738bE6C06C31467a19dcdA9AD781e8C4
0xB705268213D593B8FD88d3FDEFF93AFF5CbDcfAE,0xFCFe058EFA0bE5BCcFdD45e2C079997935FE0A64
0xfA5047c9c78B8877af97BDcb85Db743fD7313d4a,0x70ec2fA6Eccf4010eaf572d1C1a7bCbC72DEC983
0x3E9BC21C9b189C09dF3eF1B824798658d5011937,0x463f4C94065F46D6eaC66FdecA13f9B9E243BE33
0xa1d0E215a23d7030842FC67cE582a6aFa3CCaB83,0x8973Be4402bf0a39448f419c2D64bD3591Dd2299
0x3A880652F47bFaa771908C07Dd8673A787dAEd3A,0x2A406fff128bd21155A70d056B9EC7319F692aF1
0x4e352cF164E64ADCBad318C3a1e222E9EBa4Ce42,0x10cfa744c77F1cB9A77fa418ac4a1B6ec62BcCE4
0x33D0568941C0C64ff7e0FB4fbA0B11BD37deEd9f,0xECFe2c3c1aC0A5a59227A01f3Dd7044159b11a57
0xA91ac63D040dEB1b7A5E4d4134aD23eb0ba07e14,0x9E98dEaC1A416C9CE3C892BD8EeF586f1291CA35
0x8064d9Ae6cDf087b1bcd5BDf3531bD5d8C537a68,0x69ff6d9f03b325add29fBea842dc6c7bdE607612
0xD71eCFF9342A5Ced620049e616c5035F1dB98620,0x001631Be213Ed129110990E31667cD954970243f
0x77777FeDdddFfC19Ff86DB637967013e6C6A116C,0x0C722a487876989Af8a05FFfB6e32e45cc23FB3A
0x6f40d4A6237C257fff2dB00FA0510DeEECd303eb,0x6e04A3Deb92463241983121FE278f7492aAAD697
0x07baC35846e5eD502aA91AdF6A9e7aA210F2DcbE,0x659A9a43B32bea6C113C393930a45C7634a242d5
0x0E192d382a36De7011F795Acc4391Cd302003606,0x88AE9E1625CfCbd128B89e7F037EaaF6a7cC9666
0xF938424F7210f31dF2Aee3011291b658f872e91e,0x0C2445BEc45c443c58f44f8e0a5796960E052D63
0x0954906da0Bf32d5479e25f46056d22f08464cab,0x3452A7f30A712e415a0674C0341d44eE9D9786F9
0x73968b9a57c6E53d41345FD57a6E6ae27d6CDB2F,0xc465C0a16228Ef6fE1bF29C04Fdb04bb797fd537
0x8dAEBADE922dF735c38C80C7eBD708Af50815fAa,0x854056Fd40C1B52037166285B2e54Fee774d33f6
0x41D5D79431A913C4aE7d69a668ecdfE5fF9DFB68,0x73E02EAAb68a41Ea63bdae9Dbd4b7678827B2352
0x6399C842dD2bE3dE30BF99Bc7D1bBF6Fa3650E70,0x755Fa735F831878ae47FDe6606B28D38AaAB20F2
0x43044f861ec040DB59A7e324c40507adDb673142,0xC169F0eb31403c0bcc43Dc9feCa648A79faFC0F4
0x0fF6ffcFDa92c53F615a4A75D982f399C989366b,0xB1A824a6Caf1f789Aa7ca1072E36E83Cd62bA3ee
0xf418588522d5dd018b425E472991E52EBBeEEEEE,0xAf31Fd9C3B0350424BF96e551d2D1264d8466205
0x04abEdA201850aC0124161F037Efd70c74ddC74C,0x46836bb2551B23C5AaD4775b7e04C18c0fDF0f4b
0x773258b03c730F84aF10dFcB1BfAa7487558B8Ac,0xC3638b905e0B153CF24C3a99835E6a0Ec0D3493f
0x3D658390460295FB963f54dC0899cfb1c30776Df,0x3Bf1B837ccc1F62114a3E74cED4fCFB121d7e52A
0x92E187a03B6CD19CB6AF293ba17F2745Fd2357D5,0xc3601F3e1c26d1a47571c559348e4156786d1Fec
0xeEAA40B28A2d1b0B08f6f97bB1DD4B75316c6107,0x1EE312A6d5fe7b4B8c25f0a32fCA6391209eBEBF
0x1321f1f1aa541A56C31682c57b80ECfCCd9bB288,0x1BCA589cF98EdACF08db946FF178583f310F2243
0x28cb7e841ee97947a86B06fA4090C8451f64c0be,0x1d6432AEfeAE2c0Ff1393120541863822a4E6Fa7
0x903bEF1736CDdf2A537176cf3C64579C3867A881,0xd07D430Db20d2D7E0c4C11759256adBCC355B20C
0xaDB2437e6F65682B85F814fBc12FeC0508A7B1D0,0xC70bB2736e218861DCa818d1e9f7A1930Fe61E5b
0xCc80C051057B774cD75067Dc48f8987C4Eb97A5e,0x2dda09fB929c576A6AB6c1D1EE62E8AF72b2F6a7
0xD23Ac27148aF6A2f339BD82D0e3CFF380b5093de,0x5D8a31269A9f3336e3f23DE17B2EC7393BdD6916
0x1Da87b114f35E1DC91F72bF57fc07A768Ad40Bb0,0x4c704725E29679635D3B8CB2Fb20950aD38dA86B
0x888888435FDe8e7d4c54cAb67f206e4199454c60,0xc3BE40243bA58d816769361658D844119756f088
0x8642A849D0dcb7a15a974794668ADcfbe4794B56,0x6453Fdf540227986a0D1650fD4d4EEe72e437b97
0xB4d930279552397bbA2ee473229f89Ec245bc365,0xC0897d6Ba893E31F42F658eeAD777AA15B8f824d
0x86772b1409b61c639EaAc9Ba0AcfBb6E238e5F83,0x46af8AC1b82F73dB6Aacc1645D40c56191ab787b
0x7F3EDcdD180Dbe4819Bd98FeE8929b5cEdB3AdEB,0x2FBa756C64d4F9dBB17F1B3A1AfB5F05af7f18C0
0x5BC25f649fc4e26069dDF4cF4010F9f706c23831,0x8CCd68AF5E35fe01c56AD40cD2eD27CBD7767FB1
0x429881672B9AE42b8EbA0E26cD9C73711b891Ca5,0xdc98556Ce24f007A5eF6dC1CE96322d65832A819
0xEd40834A13129509A89be39a9bE9C0E96A0DDd71,0xa469D741fFe634154cd2f94dFf4b8bE907940340
0x49E833337ECe7aFE375e44F4E3e8481029218E5c,0xd9159376499936868A5B061a4633481131e70732
0xC76FB75950536d98FA62ea968E1D6B45ffea2A55,0xfd29420060464b69f2e1804b685354c31687121e
0x196f4727526eA7FB1e17b2071B3d8eAA38486988,0xb8342778Bf84774556f162A6BCad1993d04Fb398
0x0AaCfbeC6a24756c20D41914F2caba817C0d8521,0xe2aAb7232a9545F29112f9e6441661fD6eEB0a5d
0xccF4429DB6322D5C611ee964527D42E5d685DD6a,0xE1e7559E1f869eBB1Ba85d40DA24eae8516b0007
0xE61fDAF474Fac07063f2234Fb9e60C1163Cfa850,0xff62e62e8b3CF80050464B86194e52c3eAd43bb6
0x7968bc6a03017eA2de509AAA816F163Db0f35148,0xe41e01A3231C0f19BACB9BAee26a8554E0796391
0x6bB61215298F296C55b19Ad842D3Df69021DA2ef,0x00aa1C57e894c4010FE44cb840aE56432d7EA1D1
0xE0e05c43c097B0982Db6c9d626c4eb9e95C3b9ce,0x1fbF001792e8Cc747A5Cb4aeDF8C26b7421147E7
0x20945cA1df56D237fD40036d47E866C7DcCD2114,0xed196f5f01e8c99eF4c6d77B83CCaF629032A8f2
0x6F87D756DAf0503d08Eb8993686c7Fc01Dc44fB1,0xd2E0C4928789e5DB620e53af29F5fC7bcA262635
0x7866E48C74CbFB8183cd1a929cd9b95a7a5CB4F4,0xCCEB09c6D9BB5E9eAEd77475b610E6019af05CdE
0xbd1848e1491d4308Ad18287A745DD4DB2A4BD55B,0x611ABC072ee91c0cc19FFEf97ac7E69A1A7A17eC
0x793786e2dd4Cc492ed366a94B88a3Ff9ba5E7546,0x1e0693f129D05E5857A642245185ee1fca6A5096
0xa283aA7CfBB27EF0cfBcb2493dD9F4330E0fd304,0x23ab44BfBFb2d60df173C4b89f7E8366474ab05f
0xaB37e1358b639Fd877f015027Bb62d3ddAa7557E,0x3859B3D01b4eAc043A5070D3911A7cCd873Ec6ac
0xb4bebD34f6DaaFd808f73De0d10235a92Fbb6c3D,0xc0917D9f473618029BeA42Dd61B05fCf0251bE42
0x837010619aeb2AE24141605aFC8f66577f6fb2e7,0x2855d51a6c054e5e879BfcE18e3a028aE5c190F7
0xA1AFFfE3F4D611d252010E3EAf6f4D77088b0cd7,0x4C8341379E95f70c08Defb76C4F9C036525edc30
0x94d863173EE77439E4292284fF13fAD54b3BA182,0xad19b7e2B1DaC6CEA46b18EEC731981C08E6f08E
0x0327112423F3A68efdF1fcF402F6c5CB9f7C33fd,0x8387926Ba8Db63bf181862c7a9feeA2bAaeac57d
0x39795344CBCc76cC3Fb94B9D1b15C23c2070C66D,0x18f238a96392A8FAbB87065b5129DD00192e6Cb1
0x44564d0bd94343f72E3C8a0D22308B7Fa71DB0Bb,0xE160A4f3b43660E5E9AFFbd6aFf40e467D3097a1
0xA8e7AD77C60eE6f30BaC54E2E7c0617Bd7B5A03E,0x635E38E0787207D06B4E667DB8A2e671a8a608e6
0x607C794cDa77efB21F8848B7910ecf27451Ae842,0xB94F0DFD1B54Af0Fc8dD0997A8ddDE59bAd47dfE
0xA9859874e1743A32409f75bB11549892138BBA1E,0xe17E5D22F2858189666467Dbc2478B3AB230c8ab
0x17525E4f4Af59fbc29551bC4eCe6AB60Ed49CE31,0xdF5096804705D135656B50b62f9ee13041253D97
0x261EfCdD24CeA98652B9700800a13DfBca4103fF,0xe11F282aBeDaECb393A39c04C5b1e20409d39000
0xaBAfA52D3d5A2c18A4C1Ae24480D22B831fC0413,0x9A60F0A46C1485D4BDA7750AdB0dB1b17Aa48A33
0x76c5449F4950f6338A393F53CdA8b53B0cd3Ca3a,0x1aDAC7dE5C5d9894a4F6A80868AdE96F8a2ed0eb
0x3a3A65aAb0dd2A17E3F1947bA16138cd37d08c04,0x3343D8fd46Ba0469db160A82386a826214CefCb6
0xfC1E690f61EFd961294b3e1Ce3313fBD8aa4f85d,0x2E3BB99210EbaA7FAE82C32b244e872610107088
0x3212b29E33587A00FB1C83346f5dBFA69A458923,0x4d136871d5617019dfDB339A2CD7CB5a0b75E7F3
0x07C44B5Ac257C2255AA0933112c3b75A6BFf3Cb1,0xE300A54Cf3213C10364E2b6Cd9391B12f837a834
0xBeBdab6DA046Bc49ffBb61fbD7b33157Eb270D05,0x0B449fB9075B93552b153Dc69171DE679c516Ad2
0xdb0aCC14396D108b3C5574483aCB817855C9dc8d,0x40902C98B878471d1e50a846B016525bc8bEf836
0x59d4CCC94A9C4C3d3b4bA2Aa343a9bDF95145DD1,0xF1fafcb483a2Db13a0582fE0B799A8571f71FF9C